ocorrencias	par ausente (direcao da mesa)
5	Stars → Child
5	Man → Rider
4	Woman → Moon
4	Woman → Fox
4	Bouquet → Fox
4	Sun → Clover
4	House → Rider
4	Clouds → Mice
4	Lily → Mountain
4	Bear → Lily
4	Sun → Stork
4	Bear → Fox
4	Birds → Lily
4	Rider → Mice
3	Sun → Anchor
3	Clover → Woman
3	Woman → Anchor
3	Key → Lily
3	Moon → Ship
3	Bouquet → Mountain
3	Bouquet → Ship
3	Rider → Woman
3	Bouquet → Man
3	Mountain → Book
3	Fox → Mountain
3	Birds → Clover
3	Tower → Bear
3	Bear → Birds
3	Anchor → Heart
3	Key → Rider
3	Whip → Scythe
3	Key → Woman
3	Mice → Woman
3	Whip → Heart
3	Scythe → Clouds
3	Sun → Clouds
3	Moon → Whip
3	Clouds → Whip
3	Cross → Lily
3	Cross → Anchor
3	Clouds → Bear
3	Bear → Ring
3	Lily → Fox
3	Fox → Key
3	Bear → Anchor
3	Mice → Ring
3	Whip → Mice
3	Stork → Clover
3	Sun → Key
3	Dog → Key
3	Stork → Key
3	Dog → Rider
3	Fox → Woman
3	Moon → Bouquet
3	Ship → Woman
3	Ship → Fox
3	Bear → Mountain
3	Birds → Woman
3	Man → Fish
3	Tower → Coffin
3	Scythe → Tower
3	Birds → Heart
3	Scythe → Birds
3	Ship → Tower
3	Bear → Man
3	Tower → Letter
3	Clouds → Rider
3	Dog → Cross
3	Bear → Bouquet
3	Rider → Lily
3	Rider → Bear
2	Stars → Tower
2	Tower → Woman
2	Garden → Sun
2	Garden → Clover
2	Stars → Mice
2	Sun → Woman
2	Tree → Woman
2	Clover → Stars
2	Tower → Stars
2	Tower → Anchor
2	Tree → Key
2	Fox → Garden
2	Garden → Lily
2	Fish → Child
2	Child → Book
2	Man → Lily
2	Fish → Lily
2	Lily → Book
2	Fox → Child
2	Bouquet → Tower
2	Ship → Scythe
2	Bouquet → Cross
2	Cross → Scythe
2	Mountain → Ship
2	Woman → Mountain
2	Woman → Tower
2	Woman → Crossroads
2	Woman → Ship
2	Cross → Rider
2	Bouquet → House
2	Woman → Man
2	Fox → Rider
2	House → Man
2	Man → Book
2	Bouquet → Woman
2	Tower → Birds
2	Heart → Dog
2	Bear → Heart
2	Birds → Sun
2	Sun → Dog
2	Clover → Anchor
2	Anchor → Stars
2	Heart → Clover
2	Dog → Anchor
2	Clover → Bear
2	Sun → Tower
2	Sun → Heart
2	Key → Ring
2	Ring → Snake
2	Key → Child
2	Ring → Lily
2	Rider → Snake
2	Letter → House
2	Letter → Child
2	Clouds → Key
2	Scythe → Woman
2	Clouds → Scythe
2	Woman → Heart
2	Whip → Clouds
2	Stars → Woman
2	Key → Whip
2	Stork → Woman
2	Woman → Ring
2	Stork → Sun
2	Sun → Garden
2	Coffin → Whip
2	Stork → Coffin
2	Coffin → Garden
2	Sun → Whip
2	Tree → Lily
2	Whip → Tree
2	Fox → Anchor
2	Woman → Lily
2	Lily → Whip
2	Cross → Woman
2	Cross → Clouds
2	Fish → Bouquet
2	Bouquet → Clover
2	Mountain → Fish
2	Clover → Fish
2	Book → Bouquet
2	Bouquet → Sun
2	Fox → Birds
2	Fox → Fish
2	Fox → Clover
2	Tree → Ring
2	Snake → Lily
2	Anchor → Fox
2	Lily → Tree
2	Ring → Clouds
2	Ring → Tree
2	Rider → Stork
2	Mice → Rider
2	Rider → Ring
2	Ring → Cross
2	Man → Stork
2	House → Dog
2	Man → House
2	Anchor → Rider
2	Key → Anchor
2	Man → Anchor
2	Dog → Sun
2	Ship → Tree
2	Lily → Bouquet
2	Heart → Tree
2	Ship → Moon
2	Crossroads → Bear
2	Garden → Anchor
2	Bear → Garden
2	Bear → Crossroads
2	Lily → Snake
2	Stars → Bouquet
2	Birds → Snake
2	Child → Tower
2	Tower → Bouquet
2	Tower → Fish
2	Fish → Coffin
2	Fish → Man
2	Ship → Bear
2	Tower → Man
2	Scythe → Ship
2	Whip → Man
2	Man → Birds
2	Bear → Scythe
2	Tower → Whip
2	Woman → Bear
2	Rider → Cross
2	Anchor → House
2	Bear → Woman
2	Bear → Rider
2	Bouquet → Ring
2	Ship → Birds
2	Crossroads → Bouquet
2	Man → Mice
2	House → Heart
2	Stork → Clouds
2	Garden → Mountain
2	Birds → Clouds
2	Stork → Birds
2	Garden → Clouds
2	Sun → Mountain
2	Sun → Letter
2	Clouds → Man
2	Lily → Fish
2	Clouds → Lily
2	Lily → Rider
2	Fox → Ship
2	Tower → Fox
2	Key → Birds
2	Ship → Coffin
2	Ship → Key
2	Lily → Stork
2	Stork → Lily
2	Heart → Key
2	Moon → Heart
2	Rider → Crossroads
2	Coffin → Lily
2	Crossroads → Man
2	Dog → Book
2	Lily → Man
2	Heart → Woman
2	Clover → Mice
2	Mountain → Clouds
2	Mice → Mountain
2	Rider → Mountain
2	Mice → Lily
2	Rider → Clouds
2	Sun → Ship
2	Whip → Sun
2	Whip → Ring
2	Stork → Rider
1	Tree → Mice
1	Mice → Clover
1	Stars → Garden
1	Tree → Anchor
1	Anchor → Garden
1	Woman → Garden
1	Stars → Anchor
1	Tower → Tree
1	Tower → Mice
1	Tower → Clover
1	Book → Man
1	Man → Child
1	Fish → Fox
1	Tree → Garden
1	Book → Key
1	Fox → Tree
1	Tree → Man
1	Garden → Fox
1	Garden → Tree
1	Garden → Key
1	Garden → Child
1	Tower → Crossroads
1	Mountain → Woman
1	Woman → Cross
1	Scythe → Moon
1	Mountain → Scythe
1	Crossroads → Cross
1	Cross → Ship
1	Mountain → Tower
1	Tower → Moon
1	Moon → Cross
1	Woman → Scythe
1	Book → House
1	House → Mountain
1	Rider → Bouquet
1	Man → Mountain
1	Cross → Mountain
1	Book → Woman
1	Rider → House
1	Cross → Man
1	Bouquet → Rider
1	Bear → Sun
1	Dog → Stars
1	Birds → Dog
1	Bear → Stars
1	Sun → Bear
1	Sun → Stars
1	Lily → House
1	Ring → Letter
1	Letter → Rider
1	Snake → Stars
1	Lily → Letter
1	Letter → Stars
1	Rider → Child
1	Child → Snake
1	Snake → House
1	Lily → Stars
1	Stars → Rider
1	House → Ring
1	Ring → Child
1	Letter → Key
1	Letter → Ring
1	Letter → Snake
1	Letter → Lily
1	Crossroads → Mice
1	Mice → Heart
1	Stars → Whip
1	Whip → Crossroads
1	Scythe → Mice
1	Heart → Crossroads
1	Crossroads → Key
1	Scythe → Stars
1	Scythe → Whip
1	Scythe → Key
1	Clouds → Coffin
1	Garden → Moon
1	Clouds → Moon
1	Ring → Coffin
1	Whip → Garden
1	Moon → Coffin
1	Ring → Sun
1	Clouds → Sun
1	Clouds → Garden
1	Clouds → Woman
1	Clouds → Ring
1	Anchor → Tree
1	Fox → Whip
1	Anchor → Cross
1	Lily → Clouds
1	Anchor → Scythe
1	Scythe → Lily
1	Cross → Tree
1	Birds → Book
1	Book → Lily
1	Mountain → Fox
1	Fox → Sun
1	Book → Fox
1	Sun → Fish
1	Mountain → Clover
1	Fox → Lily
1	Ring → Fox
1	Snake → Anchor
1	Clouds → Tree
1	Tree → Snake
1	Ring → Anchor
1	Key → Snake
1	Tree → Bear
1	Clouds → Fox
1	Fox → Snake
1	Ring → Key
1	Whip → Woman
1	House → Mice
1	Ring → Stork
1	Stork → Cross
1	House → Whip
1	Sun → Ring
1	Woman → House
1	Mice → House
1	Mice → Whip
1	Mice → Stork
1	Anchor → Sun
1	Clover → House
1	Dog → Man
1	Dog → Clover
1	Heart → Fox
1	Moon → Tree
1	Mountain → Heart
1	Ship → Bouquet
1	Ship → Mountain
1	Key → Crossroads
1	Garden → Bear
1	Mountain → Cross
1	Anchor → Lily
1	Garden → Crossroads
1	Crossroads → Fox
1	Key → Cross
1	Mountain → Garden
1	Bear → Key
1	Stars → Lily
1	Birds → Fox
1	Garden → Woman
1	Child → Garden
1	Lily → Birds
1	Bouquet → Garden
1	Garden → Snake
1	Child → Lily
1	Lily → Woman
1	Stars → Fox
1	Snake → Child
1	Birds → Stars
1	Fish → House
1	Stars → Coffin
1	Coffin → Rider
1	Child → Man
1	Child → Rider
1	Rider → Stars
1	Man → Tower
1	Coffin → House
1	Child → House
1	House → Stars
1	Fish → Tower
1	Heart → Letter
1	Tower → Heart
1	Man → Letter
1	Whip → Letter
1	Letter → Birds
1	Birds → Bear
1	Heart → Man
1	Scythe → Letter
1	Tower → Scythe
1	Tower → Ship
1	Bear → Dog
1	Fox → House
1	Bear → Clouds
1	Anchor → Dog
1	House → Woman
1	Clouds → Dog
1	Fox → Dog
1	Bear → House
1	Cross → Coffin
1	Lily → Bear
1	Crossroads → Ring
1	Coffin → Bear
1	Cross → Ring
1	Cross → Bouquet
1	Lily → Ring
1	Bear → Coffin
1	Anchor → Bouquet
1	Crossroads → Child
1	Book → Stars
1	Sun → Scythe
1	Scythe → Book
1	Anchor → Crossroads
1	Crossroads → Stars
1	Bouquet → Child
1	Sun → Child
1	Crossroads → Sun
1	Crossroads → Scythe
1	Crossroads → Anchor
1	Crossroads → Tower
1	Ring → Birds
1	Bear → Clover
1	Mice → Fox
1	Bouquet → Fish
1	Fish → Birds
1	Ring → Man
1	Clover → Fox
1	Ring → Fish
1	Anchor → Fish
1	House → Clover
1	Stork → Heart
1	Fish → Clover
1	Clover → Dog
1	Garden → Dog
1	Man → Dog
1	House → Anchor
1	House → Fish
1	Mountain → Stork
1	Clover → Garden
1	Letter → Sun
1	House → Birds
1	Clover → Clouds
1	Clouds → Mountain
1	Mountain → House
1	Garden → Letter
1	Letter → Stork
1	Clover → Birds
1	Scythe → Snake
1	Woman → Fish
1	Clouds → Fish
1	Man → Scythe
1	Snake → Man
1	Birds → Man
1	Birds → Rider
1	Birds → Scythe
1	Birds → Fish
1	Tower → Key
1	Ship → Letter
1	Fox → Coffin
1	Key → Ship
1	Woman → Letter
1	Tower → Child
1	Child → Coffin
1	Coffin → Woman
1	Birds → Letter
1	Letter → Coffin
1	Ship → Child
1	Birds → Stork
1	Birds → Moon
1	Stork → Snake
1	Snake → Clover
1	Key → Clover
1	Clover → Moon
1	Bouquet → Birds
1	Stork → Moon
1	Stork → Bouquet
1	Anchor → Child
1	Child → Whip
1	Heart → Moon
1	Moon → Fox
1	Key → Bouquet
1	Bouquet → Mice
1	Child → Moon
1	Whip → Fox
1	Fox → Mice
1	Mice → Key
1	Moon → Anchor
1	Moon → Key
1	Moon → Child
1	Moon → Mice
1	Anchor → Coffin
1	Crossroads → Dog
1	Dog → Mice
1	Lily → Dog
1	Book → Mice
1	Mice → Crossroads
1	Rider → Coffin
1	Coffin → Dog
1	Book → Crossroads
1	Lily → Anchor
1	Lily → Crossroads
1	Lily → Mice
1	Child → Mountain
1	Woman → Birds
1	Mountain → Stars
1	Stars → Birds
1	Book → Heart
1	Child → Mice
1	Clover → Mountain
1	Child → Heart
1	Stars → Clover
1	Stars → Book
1	Mice → Ship
1	Man → Whip
1	Ship → Clouds
1	Man → Clouds
1	Mountain → Rider
1	Woman → Rider
1	Woman → Mice
1	Mountain → Man
1	Mice → Garden
1	Mountain → Mice
1	Rider → Man
1	Dog → Moon
1	Stars → Key
1	Cross → Sun
1	Moon → Stars
1	Dog → Child
1	Child → Sun
1	Cross → Moon
1	Ship → Cross
1	Cross → Child
1	Stars → Dog
1	Stars → Cross
1	Stars → Sun
1	Stars → Moon
1	Stars → Ship
1	Bear → Moon
1	Moon → Tower
1	Ship → Man
1	Man → Heart
1	Fox → Moon
1	Man → Woman
1	Fox → Heart
1	Man → Sun
1	Whip → Key
1	Key → Fish
1	Whip → Coffin
1	Man → Garden
1	Garden → Whip
1	Stork → Man
1	Tree → Whip
1	Tree → Sun
1	Ring → Whip
1	Ship → Rider
1	Whip → Lily
1	Rider → Scythe
1	Fox → Stork
1	Clover → Rider
1	Scythe → Mountain
1	Mice → Scythe
1	Fox → Scythe
1	Bear → Stork
1	Stork → Mountain
1	Rider → Fox
1	Rider → Clover
1	Birds → Ship
1	Ring → Scythe
1	Tower → House
1	House → Tree
1	Birds → Ring
1	Ring → Tower
1	Scythe → House
1	Coffin → Heart
1	Birds → Tree
1	Tree → Tower
1	Ship → House
1	Heart → Tower
1	Coffin → Ring
1	Scythe → Ring
1	Scythe → Coffin
1	Scythe → Tree
1	Bouquet → Coffin
1	Whip → Tower
1	Fish → Sun
1	Bear → Whip
1	Whip → Fish
1	Coffin → Letter
1	Letter → Mountain
1	Whip → Bouquet
1	Bear → Letter
1	Letter → Fish
1	Whip → Mountain
1	Tower → Mountain
1	Book → Sun
1	Cross → Key
1	Book → Whip
1	Whip → Cross
1	Book → Ring
1	Cross → Stork
1	Book → Rider
1	Dog → Ring